3573030000000000,Joanne,Williams,F,3638 Marsh Union,Altonah,UT,84002,40.3207,-110.436,302,"Sales professional, IT",1990-01-17
3591920000000000,Brian,Williams,M,32941 Krystal Mill Apt. 552,Titusville,FL,32780,28.5697,-80.8191,54767,Set designer,1987-07-25
3596360000000000,David,Everett,M,4138 David Fall,Morrisdale,PA,16858,41.0001,-78.2357,3688,Advice worker,1973-05-27
3513620000000000,Amber,Perez,F,954 Reyes Ways,Fulton,SD,57340,43.7588,-97.8712,355,Financial adviser,1955-06-26
6554250000000000,Monique,Robinson,F,07712 Marcus Divide Apt. 831,Laguna Hills,CA,92637,33.615,-117.7114,45303,Sales executive,1969-12-22
3576020000000000,Dawn,Gray,F,9486 Joel Common Suite 554,Topeka,KS,66618,39.1329,-95.7023,163415,Secondary school teacher,2004-12-30
4635330000000000,Christina,Rose,F,1984 Taylor Island Suite 836,Falls Church,VA,22046,38.8856,-77.1802,116155,Chartered accountant,1983-07-10
213142000000000,Margaret,Curtis,F,742 Oneill Shore,Florence,MS,39073,32.153,-90.1217,19685,Fine artist,1984-12-24
4671730000000000,Kenneth,Edwards,M,3653 Ryan Crossroad,Andrews,IN,46702,40.8618,-85.6067,2304,Retail banker,1955-07-25
38057500000000,Marissa,Clark,F,2677 Byrd Village Suite 035,San Jose,CA,95148,37.3304,-121.7913,973849,Geoscientist,1997-01-18
4119760000000000,Melinda,Gutierrez,F,1497 West Gateway,Eureka,IL,61530,40.7152,-89.2706,6713,Archivist,1945-08-19
4586810000000000,Michelle,Gregory,F,6983 Carrillo Isle,Edisto Island,SC,29438,32.5486,-80.307,2408,"Sales professional, IT",1997-07-05
4996260000000000,Kendra,King,F,154 Hernandez Keys,Smith River,CA,95567,41.9404,-124.1587,1930,Web designer,1983-06-13
4956830000000000000,Kenneth,Robinson,M,269 Sanchez Rapids,Elizabeth,NJ,7208,40.6747,-74.2239,124967,Operational researcher,1980-12-21
4355790000000000000,Tanner,Davis,M,2632 Stevens Light Apt. 213,Payson,IL,62360,39.8153,-91.2627,1656,Exhibition designer,1969-08-04
4427810000000,Michelle,Rodriguez,F,1742 Brandon Squares Apt. 461,Ruidoso,NM,88355,33.3305,-105.6933,8874,Licensed conveyancer,2000-08-16
577589000000,James,Strickland,M,25454 Leonard Lake,Spring Church,PA,15686,40.6153,-79.4545,972,Public relations account executive,1997-10-23
2475090000000000,John,Miller,M,153 Mccullough Springs Apt. 857,Lamberton,MN,56152,44.2378,-95.2739,1507,Land/geomatics surveyor,1993-10-12
3535810000000000,Matthew,Myers,M,4936 Michelle Points,Tower Hill,IL,62571,39.39,-88.9597,1532,Radio broadcast assistant,1980-01-09
2248740000000000,Jacob,Weber,M,29156 Mark Park Apt. 108,Utica,KS,67584,38.6411,-100.138,269,Product/process development scientist,1962-11-11
4334230000000000,Scott,Martin,M,7483 Navarro Flats,Freedom,WY,83120,43.0172,-111.0292,471,"Education officer, museum",1967-08-02
4186530000000,Casey,Howell,F,374 Christopher Ramp Suite 855,Blackville,SC,29817,33.3645,-81.2718,4913,Technical brewer,1966-11-10
502013000000,Sherry,Martinez,F,144 Yu Locks Apt. 754,Garrattsville,NY,13342,42.6315,-75.1866,165,Naval architect,1945-09-20
4746000000000,Carrie,Washington,F,6114 Adams Harbor Suite 096,Kingsford Heights,IN,46346,41.4802,-86.6919,1423,"Psychologist, forensic",1998-10-07
3540080000000000,Christian,Johns,M,892 Solis Neck,Lonsdale,MN,55046,44.4477,-93.4252,5211,Chief Strategy Officer,1987-01-27
180047000000000,Christine,Shaffer,F,14017 Thomas Plaza,Loami,IL,62661,39.6704,-89.8588,1213,English as a foreign language teacher,1991-04-22
2291160000000000,Jeff,Elliott,M,351 Darlene Green,Columbia,SC,29209,33.9659,-80.9355,333497,Mechanical engineer,1968-03-19
343473000000000,Gloria,Wallace,F,234 Bridges Wells Apt. 389,Center Tuftonboro,NH,3816,43.6849,-71.2551,1368,"Optician, dispensing",1971-08-05
676102000000,Natasha,Mclaughlin,F,8699 Lindsay Ford Apt. 486,Napa,CA,94558,38.4549,-122.2564,94014,Airline pilot,1985-08-21
4302480000000000,Daniel,Cain,M,384 Newman Forks Apt. 370,Belmond,IA,50421,42.8511,-93.62,3032,Community pharmacist,1964-08-08
6011860000000000,Lisa,Mendez,F,44259 Beth Station Suite 215,Lahoma,OK,73754,36.385,-98.0727,1078,"Programme researcher, broadcasting/film/video",1952-07-06
213127000000000,Christopher,Luna,M,242 Brian Mountain,Laredo,TX,78040,27.5155,-99.4986,248858,Video editor,1971-01-28
213112000000000,Ana,Howell,F,4664 Sanchez Common Suite 930,Bradley,SC,29819,34.0326,-82.2027,1523,Research scientist (physical sciences),1984-06-03
4681600000000000,Tammy,Davis,F,77663 Colleen Freeway,Moundsville,WV,26041,39.9148,-80.731,16183,Physiotherapist,1977-08-12
2229380000000000,Thomas,Hale,M,949 Smith Parkway,Cazenovia,WI,53924,43.4987,-90.2796,1360,Occupational hygienist,1984-11-06
3529600000000000,Pamela,Curtis,F,8969 Fuentes Station Apt. 291,Mill Creek,PA,17060,40.4679,-77.8967,1334,Archaeologist,1986-12-17
379897000000000,Frank,Key,M,5537 Jessica Plaza,Pewee Valley,KY,40056,38.3039,-85.4834,3263,Stage manager,1930-02-28
30263500000000,Erik,Patterson,M,162 Jessica Row Apt. 072,Hatch,UT,84735,37.7175,-112.4777,258,Geoscientist,1961-11-24
6011360000000000,Steven,Williams,M,231 Flores Pass Suite 720,Edinburg,VA,22824,38.8432,-78.6003,6018,"Designer, multimedia",1947-08-21
4198470000000,Christie,Williamson,F,519 Jerry Views,Avoca,IA,51521,41.4768,-95.3509,2036,Engineering geologist,1971-08-20
180068000000000,Mary,Juarez,F,35440 Ryan Islands,North Prairie,WI,53153,42.9385,-88.395,2328,Applications developer,1942-01-06
3576430000000000,Jessica,Ward,F,72269 Elizabeth Field Apt. 132,Phoenix,AZ,85020,33.5623,-112.0559,1312922,Contractor,1981-10-24
3564840000000000,Robert,Ashley,M,1250 Christopher Prairie Suite 016,Port Costa,CA,94569,38.046,-122.1866,198,Armed forces training and education officer,1959-03-31
4464460000000,Breanna,Rodriguez,F,118 Cabrera Springs Apt. 105,Lanark Village,FL,32323,29.8826,-84.5964,217,Television production assistant,1990-01-24
4908850000000000,Lauren,Torres,F,03030 White Lakes,Grandview,TX,76050,32.2779,-97.2351,5875,"Radiographer, therapeutic",1992-07-24
3589260000000000,David,Miller,M,622 Bradley Knoll Apt. 758,Hancock,MD,21750,39.6991,-78.1762,3766,Press photographer,1984-02-14
4797300000000000000,Erica,Briggs,F,3310 Davidson Spurs Apt. 107,Oolitic,IN,47451,38.8938,-86.5246,1228,Counsellor,1991-03-13
4060580000000000,Steven,Sanders,M,25955 Amy Via,Ozawkie,KS,66070,39.2136,-95.4404,2661,Theatre director,1948-11-14
4497910000000000000,Scott,Edwards,M,838 Amy Street Suite 107,Pembroke,NC,28372,34.6902,-79.1834,14783,Hospital doctor,1955-11-07
3566000000000000,Warren,Daniels,M,23656 Harris Gardens Suite 698,El Paso,TX,79906,31.8092,-106.4247,749635,Market researcher,1973-01-21
30030400000000,William,Jenkins,M,50614 Kevin Point,Harper,TX,78631,30.2816,-99.241,2395,"Pharmacist, community",1993-11-17
344342000000000,Ruth,Fuller,F,37732 Joe Courts Apt. 752,Darien,GA,31305,31.3826,-81.4312,5989,Tax adviser,1967-05-05
30357400000000,John,Nichols,M,00821 Joanna Meadow,Dalton,WI,53926,43.6718,-89.1918,1628,Civil Service fast streamer,1967-09-30
3504180000000000,Drew,Garcia,M,70858 Jasmine Meadows Apt. 135,Lima,OH,45801,40.7641,-84.0973,86954,"Copywriter, advertising",1992-07-23
6596740000000000,Spencer,Williams,M,1145 Tony Drive Suite 080,Watertown,MN,55388,44.9595,-93.8482,5619,Licensed conveyancer,1959-01-15
377265000000000,Kara,Miles,F,2076 Thomas Roads Suite 970,Cassatt,SC,29032,34.3424,-80.5,4424,Lawyer,1961-07-31
3593400000000000,Douglas,Smith,M,85932 Marc Throughway Apt. 080,Knowlesville,NY,14479,43.2363,-78.3138,275,TEFL teacher,1964-08-18
6540980000000000,Bryan,Torres,M,152 James Centers Apt. 768,Detroit,MI,48221,42.426,-83.15,673342,Retail manager,1967-06-19
3582750000000000,Terrance,Mckinney,M,42965 Christopher Fords Suite 659,Norman,AR,71960,34.4596,-93.6743,1383,Magazine features editor,1966-08-08
30290600000000,John,Clarke,M,27909 Peter Motorway,Cadiz,KY,42211,36.802,-87.8286,13422,Commissioning editor,1961-09-03
30176000000000,Rebecca,Butler,F,0665 Lisa Alley,Winger,MN,56592,47.5375,-95.9941,516,Applications developer,1966-06-07
345389000000000,Justin,Fowler,M,5569 Phillips Neck Apt. 003,Coffeeville,MS,38922,33.9215,-89.6782,3451,Financial trader,1984-05-19
3560700000000000,Matthew,Young,M,8840 Miller Port Suite 645,Indian Wells,CA,92210,33.7163,-116.3381,4677,Learning mentor,1955-05-06
6011110000000000,Rebecca,Erickson,F,594 Berry Lights Apt. 392,Wilmington,NC,28405,34.2651,-77.867,186140,English as a second language teacher,1983-02-08
3543590000000000,Margaret,Lam,F,6911 Nicholas Keys Apt. 237,Armagh,PA,15920,40.4603,-79.0097,922,Early years teacher,1972-10-04
371683000000000,Debra,Becker,F,384 Jonathan Hills,Iselin,NJ,8830,40.5716,-74.3167,18459,Emergency planning/management officer,1929-03-19
346273000000000,Donna,Moreno,F,32301 Albert River Suite 364,Ronceverte,WV,24970,37.7418,-80.4626,4575,Statistician,1991-10-22
3518760000000000,Antonio,Koch,M,8738 Richard Brooks,Moab,UT,84532,38.5677,-109.5271,9772,Location manager,1989-11-24
503874000000,Andrew,Mcgee,M,4130 Tiffany Glen Apt. 562,San Antonio,TX,78248,29.5894,-98.5201,1595797,Exhibition designer,1975-12-28
4279160000000,Lisa,Hendrix,F,35737 Kirby Fall Suite 409,Vanderbilt,PA,15486,40.0246,-79.6955,2303,Physiotherapist,1987-08-16
4755700000000,Robert,Evans,M,01892 Patricia Vista Apt. 828,Sachse,TX,75048,32.9643,-96.6012,20328,Site engineer,1985-06-20
4488260000000000000,Jessica,Shaw,F,5745 Blair Locks,West Columbia,SC,29170,33.9568,-81.1405,52126,Chemical engineer,1929-08-23
3554820000000000,Cory,Thomas,M,6458 Roberson Alley,Williamsburg,MO,63388,38.8874,-91.7689,710,Glass blower/designer,1970-09-27
4822370000000000,Christopher,Farrell,M,97070 Anderson Land,Haines City,FL,33844,28.0758,-81.5929,33804,Exercise physiologist,1991-01-01
4716560000000000,Lauren,Anderson,F,11014 Chad Lake Apt. 573,Heart Butte,MT,59448,48.2777,-112.8456,743,Water engineer,1972-05-04
2712210000000000,Jenna,Brooks,F,50872 Alex Plain Suite 088,Baton Rouge,LA,70808,30.4066,-91.1468,378909,"Designer, furniture",1977-02-22
4005680000000000,William,Perry,M,458 Phillips Island Apt. 768,Denham Springs,LA,70726,30.459,-90.9027,71335,Herbalist,1994-05-31
4069980000000000,Kimberly,Martin,F,1943 Dennis Inlet Suite 145,Hurricane,WV,25526,38.4257,-81.9943,21902,Sub,1980-09-18
2450830000000000,Timothy,Kirby,M,7309 Sophia Causeway Suite 702,Sauk Rapids,MN,56379,45.604,-94.1591,16163,Hydrographic surveyor,1987-02-22
6011150000000000,Terri,Bailey,F,508 Erin Mount,Daly City,CA,94015,37.6787,-122.478,107941,"Buyer, industrial",1991-10-04
4900630000000,Michael,Johnson,M,094 Owens Underpass,Norwalk,CA,90650,33.9056,-118.0818,105549,Firefighter,1973-09-22
4158950000000000,Justin,Bell,M,5323 Walker Island,Pittsburgh,PA,15217,40.4308,-79.9205,687276,"Scientist, marine",1973-10-19
213157000000000,Adam,Santos,M,725 Jo Trace Apt. 102,Glendale,CA,91206,34.1556,-118.2322,172817,Advertising account planner,1982-07-30
639024000000,Destiny,Lowe,F,79472 Stevens Trace Apt. 120,Hannawa Falls,NY,13647,44.6087,-74.9732,69,Chief Executive Officer,1991-06-05
4400010000000000000,Marissa,Powell,F,474 Allen Haven,North Loup,NE,68859,41.4972,-98.7858,509,"Nurse, childrens",1980-09-15
3518670000000000,Dorothy,Thomas,F,537 Rice Square Suite 040,Milford,OH,45150,39.1657,-84.233,31394,Hospital doctor,1996-11-12
4861310000000000000,Ashley,Cruz,F,65417 Walsh Radial Suite 691,Saint Amant,LA,70774,30.2385,-90.8435,10076,"Surveyor, rural practice",1977-12-16
38797400000000,Andrew,Tucker,M,583 Gray Creek,Oak Hill,NY,12460,42.4069,-74.1528,277,Glass blower/designer,1971-12-12
6011440000000000,Allison,Allen,F,40624 Rebecca Spurs,De Witt,AR,72042,34.2853,-91.3336,5161,Electrical engineer,1993-04-08
213194000000000,James,Hunt,M,7369 Gabriel Tunnel,Pointe Aux Pins,MI,49775,45.7549,-84.447,95,Electrical engineer,1994-02-09
3527540000000000,Teresa,Stein,F,2838 White Fields Apt. 473,Brunson,SC,29911,32.9413,-81.1807,1725,Social researcher,1974-12-05
3540210000000000,Steven,Yoder,M,94975 David Mews Apt. 316,Summerfield,TX,79085,34.7437,-102.5064,53,Fisheries officer,1992-06-19
571365000000,Barbara,Taylor,F,0069 Robin Brooks Apt. 695,Elberta,MI,49628,44.5995,-86.2141,372,"Exhibitions officer, museum/gallery",1995-07-12
3598010000000000,Lisa,Clark,F,07943 Davis River,Grimesland,NC,27837,35.558,-77.2566,5903,Manufacturing systems engineer,1993-10-07
375849000000000,Dale,Smith,M,25036 Contreras Turnpike Suite 270,Purmela,TX,76566,31.4841,-97.9903,258,Web designer,1943-12-15
630452000000,Rachel,Daniels,F,561 Little Plain Apt. 738,Wetmore,MI,49895,46.3535,-86.6345,765,Immunologist,1972-06-12
2720010000000000,Joseph,Murray,M,42933 Ryan Underpass,Manderson,SD,57756,43.3526,-102.5411,1126,Volunteer coordinator,1980-08-18
4079770000000,Eric,Preston,M,7020 Doyle Stream Apt. 951,Mesa,ID,83643,44.6255,-116.4493,129,Cartographer,1965-12-15
36721400000000,Cesar,Smith,M,901 Ariel Points,Jefferson,NY,12093,42.4999,-74.6117,1666,Diagnostic radiographer,1968-07-01
3573390000000000,Stephanie,Murphy,F,526 Stacy Walks,Barnard,SD,57426,45.7205,-98.5534,63,Systems developer,1969-10-30
4393520000000,Charles,Rodriguez,M,240 Tracy Forges,Easton,KS,66020,39.3391,-95.0999,1442,Air broker,1982-05-20
4951650000000000,Kimberly,Miller,F,75533 Tamara Valleys,Logan,IL,62856,37.9943,-88.9417,324,"Scientist, research (physical sciences)",1976-06-15